Epoch,Train Loss,Val Loss,Train Accuracy,Val Accuracy,Train AUC ROC,Val AUC ROC,Train PR,Val PR,Train F1,Val F1,Train Recall,Val Recall,Train Int AP,Val Int AP,Train AP,Val AP
1,0.4764,0.5262,0.7756,0.7447,0.8531,0.852,0.7875,0.6444,0.8102,0.7296,0.8343,0.8409,0.8779,0.813,0.8779,0.813
2,0.3146,0.4188,0.8605,0.8114,0.9374,0.8947,0.8679,0.7496,0.8803,0.7788,0.8931,0.8105,0.9528,0.8642,0.9528,0.8642
3,0.2502,0.4011,0.8934,0.8291,0.961,0.9123,0.9021,0.7649,0.9078,0.8014,0.9134,0.8415,0.9712,0.8836,0.9712,0.8836
4,0.2155,0.3825,0.9094,0.8437,0.9712,0.9273,0.9195,0.7746,0.9213,0.8205,0.9231,0.8724,0.9791,0.902,0.9791,0.902
5,0.1975,0.3544,0.9178,0.8519,0.9759,0.9347,0.9279,0.7848,0.9285,0.8295,0.929,0.8797,0.9825,0.9128,0.9825,0.9128
6,0.1828,0.3589,0.924,0.8537,0.9793,0.9421,0.9343,0.7744,0.9338,0.8356,0.9333,0.9073,0.9851,0.9228,0.9851,0.9228
7,0.1749,0.3176,0.9275,0.8678,0.9811,0.9451,0.9372,0.8101,0.9369,0.8457,0.9365,0.8847,0.9863,0.9271,0.9863,0.9271
8,0.1667,0.3214,0.9312,0.8702,0.9828,0.9516,0.9408,0.8008,0.94,0.8516,0.9392,0.9094,0.9876,0.9356,0.9876,0.9356
9,0.1607,0.304,0.934,0.875,0.984,0.9532,0.9435,0.811,0.9425,0.856,0.9414,0.9062,0.9885,0.938,0.9885,0.938
10,0.1568,0.3046,0.9359,0.8791,0.9848,0.9565,0.9453,0.8152,0.9441,0.8607,0.943,0.9115,0.989,0.9434,0.989,0.9434
11,0.1532,0.2926,0.9377,0.8827,0.9855,0.9589,0.9467,0.8196,0.9457,0.8647,0.9448,0.9151,0.9895,0.9456,0.9895,0.9456
12,0.1491,0.2762,0.9389,0.8878,0.9862,0.9577,0.9479,0.848,0.9468,0.866,0.9456,0.8849,0.9901,0.9452,0.99,0.9452
13,0.1457,0.2722,0.9407,0.891,0.9868,0.9623,0.9497,0.8378,0.9483,0.8725,0.947,0.9103,0.9905,0.9508,0.9905,0.9507
14,0.1422,0.3068,0.9422,0.8784,0.9875,0.962,0.9509,0.8016,0.9496,0.863,0.9484,0.9345,0.9909,0.9507,0.9909,0.9507
15,0.1408,0.2857,0.9432,0.8857,0.9877,0.9637,0.9517,0.816,0.9505,0.8697,0.9492,0.931,0.9911,0.9518,0.9911,0.9518
16,0.1376,0.2573,0.9446,0.897,0.9882,0.9645,0.9532,0.8547,0.9517,0.8776,0.9502,0.9018,0.9915,0.9539,0.9915,0.9539
17,0.1347,0.2513,0.9458,0.8986,0.9887,0.9661,0.9542,0.852,0.9527,0.8803,0.9512,0.9106,0.9918,0.9565,0.9918,0.9565
18,0.1328,0.2815,0.9468,0.8886,0.989,0.9627,0.955,0.8265,0.9536,0.8714,0.9522,0.9216,0.9921,0.9507,0.992,0.9507
19,0.1318,0.2425,0.9471,0.9024,0.9892,0.9678,0.9553,0.8598,0.9539,0.8843,0.9524,0.9103,0.9922,0.9579,0.9922,0.9579
20,0.1291,0.2392,0.9483,0.9041,0.9896,0.9684,0.9567,0.863,0.9549,0.8861,0.9531,0.9106,0.9925,0.959,0.9925,0.959
21,0.1272,0.2306,0.9493,0.9068,0.9899,0.97,0.9574,0.8684,0.9558,0.889,0.9541,0.9106,0.9927,0.9609,0.9927,0.9609
22,0.1254,0.2342,0.9499,0.9082,0.9902,0.971,0.958,0.8648,0.9563,0.8914,0.9546,0.9197,0.9929,0.9619,0.9929,0.9619
23,0.1245,0.231,0.9504,0.9075,0.9903,0.9684,0.9585,0.8813,0.9567,0.8879,0.9549,0.8947,0.993,0.959,0.993,0.959
24,0.1228,0.2303,0.9511,0.9059,0.9906,0.9708,0.9592,0.8587,0.9574,0.8893,0.9555,0.9221,0.9932,0.9621,0.9932,0.9621
25,0.1212,0.2597,0.9516,0.9,0.9909,0.9697,0.9596,0.84,0.9578,0.8844,0.9561,0.9337,0.9934,0.9599,0.9934,0.9599
26,0.1205,0.2687,0.952,0.8942,0.991,0.9675,0.9601,0.8303,0.9581,0.8783,0.9562,0.9321,0.9935,0.9569,0.9934,0.9569
27,0.1188,0.2287,0.9528,0.91,0.9912,0.9718,0.9606,0.8677,0.9588,0.8934,0.9571,0.9207,0.9936,0.9635,0.9936,0.9635
28,0.1191,0.223,0.9527,0.9101,0.9912,0.9734,0.9607,0.8638,0.9587,0.8941,0.9567,0.9266,0.9936,0.9657,0.9936,0.9657
29,0.1166,0.2418,0.9542,0.9074,0.9915,0.97,0.962,0.8668,0.96,0.8901,0.958,0.9145,0.9938,0.9606,0.9938,0.9606
30,0.1158,0.2431,0.9545,0.9041,0.9916,0.9707,0.9623,0.8496,0.9603,0.8884,0.9583,0.9309,0.9939,0.961,0.9939,0.961
31,0.1165,0.2278,0.9541,0.9111,0.9915,0.9729,0.962,0.8692,0.96,0.8946,0.9579,0.9217,0.9938,0.9643,0.9938,0.9643
32,0.1142,0.2284,0.9548,0.9099,0.9918,0.9728,0.9626,0.8639,0.9606,0.8939,0.9585,0.926,0.9941,0.9646,0.9941,0.9646
33,0.1135,0.2128,0.9553,0.9163,0.9919,0.9744,0.9632,0.885,0.961,0.8996,0.9588,0.9146,0.9942,0.9668,0.9942,0.9668
34,0.1127,0.1955,0.9556,0.9215,0.992,0.9763,0.9633,0.9043,0.9612,0.9041,0.9592,0.904,0.9942,0.9694,0.9942,0.9694
35,0.1119,0.2259,0.9557,0.9131,0.9922,0.9731,0.9634,0.8723,0.9614,0.897,0.9593,0.9231,0.9943,0.9646,0.9943,0.9646
36,0.1115,0.2169,0.9562,0.9132,0.9922,0.9735,0.9638,0.8746,0.9618,0.8967,0.9597,0.92,0.9944,0.9658,0.9943,0.9658
37,0.1105,0.2176,0.9567,0.9127,0.9923,0.9745,0.9643,0.8683,0.9622,0.897,0.9602,0.9276,0.9945,0.967,0.9944,0.967
38,0.1101,0.2316,0.9569,0.9093,0.9924,0.9732,0.9646,0.8597,0.9624,0.8937,0.9601,0.9304,0.9945,0.9647,0.9945,0.9647
39,0.1105,0.2277,0.9567,0.9131,0.9923,0.9742,0.9642,0.8703,0.9622,0.8972,0.9602,0.9257,0.9944,0.9667,0.9944,0.9666
40,0.11,0.2105,0.957,0.9184,0.9924,0.9761,0.9645,0.8817,0.9625,0.9028,0.9605,0.925,0.9945,0.9687,0.9945,0.9687
41,0.0765,0.1728,0.9705,0.9342,0.9963,0.9843,0.9761,0.9041,0.9743,0.9212,0.9725,0.9391,0.9973,0.9799,0.9973,0.9799
42,0.0737,0.1884,0.9715,0.927,0.9965,0.9846,0.9765,0.8756,0.9751,0.9149,0.9738,0.9578,0.9975,0.9801,0.9975,0.9801
43,0.0727,0.1848,0.9719,0.932,0.9966,0.9847,0.9771,0.8891,0.9755,0.9199,0.9738,0.9528,0.9975,0.9801,0.9975,0.9801
44,0.0717,0.1918,0.9722,0.9292,0.9967,0.9836,0.9774,0.8856,0.9757,0.9166,0.9741,0.9499,0.9976,0.9786,0.9976,0.9785
45,0.0711,0.1696,0.9726,0.9361,0.9968,0.9856,0.9778,0.9006,0.9761,0.924,0.9745,0.9487,0.9976,0.9815,0.9976,0.9815
46,0.0693,0.1724,0.9731,0.9361,0.9969,0.9844,0.9781,0.9079,0.9766,0.9233,0.9751,0.9393,0.9978,0.9794,0.9978,0.9794
47,0.069,0.1642,0.9732,0.9375,0.997,0.9864,0.9783,0.9016,0.9767,0.9258,0.9751,0.9513,0.9978,0.9825,0.9978,0.9825
48,0.0691,0.1681,0.9731,0.9387,0.997,0.9862,0.9781,0.9074,0.9765,0.9268,0.975,0.947,0.9978,0.9821,0.9978,0.982
49,0.0687,0.154,0.9737,0.941,0.997,0.9873,0.9785,0.9089,0.9771,0.9297,0.9757,0.9514,0.9978,0.9838,0.9978,0.9838
50,0.0677,0.154,0.974,0.9416,0.9971,0.9867,0.9788,0.9163,0.9773,0.9298,0.9758,0.9436,0.9979,0.9828,0.9978,0.9828
51,0.0669,0.1646,0.974,0.9392,0.9972,0.9866,0.9789,0.9054,0.9773,0.9276,0.9757,0.951,0.9979,0.9825,0.9979,0.9825
52,0.0665,0.1773,0.9743,0.9343,0.9972,0.9855,0.9792,0.8933,0.9776,0.9224,0.9761,0.9535,0.9979,0.9814,0.9979,0.9814
53,0.0663,0.1618,0.9744,0.9402,0.9972,0.9864,0.9791,0.9095,0.9777,0.9286,0.9763,0.9484,0.9979,0.9822,0.9979,0.9822
54,0.0665,0.1932,0.9744,0.9308,0.9972,0.9842,0.9792,0.8871,0.9777,0.9185,0.9762,0.9523,0.9979,0.9792,0.9979,0.9792
55,0.0657,0.1539,0.9749,0.9431,0.9972,0.9869,0.9796,0.9216,0.9781,0.9312,0.9766,0.9411,0.998,0.983,0.998,0.983
56,0.0661,0.1643,0.9747,0.939,0.9972,0.9864,0.9794,0.9051,0.978,0.9274,0.9765,0.9509,0.998,0.9825,0.9979,0.9825
57,0.0653,0.1684,0.975,0.9395,0.9973,0.9867,0.9797,0.9052,0.9782,0.928,0.9766,0.952,0.998,0.9827,0.998,0.9827
58,0.0654,0.1533,0.9748,0.9417,0.9973,0.9871,0.9794,0.9147,0.9781,0.9301,0.9767,0.946,0.998,0.9832,0.998,0.9832
59,0.0642,0.1509,0.9754,0.9432,0.9974,0.9875,0.9801,0.9169,0.9785,0.9318,0.977,0.9472,0.9981,0.9838,0.998,0.9838
60,0.0646,0.1612,0.9752,0.9398,0.9973,0.9874,0.98,0.9033,0.9783,0.9286,0.9767,0.9553,0.998,0.9839,0.998,0.9839
61,0.0646,0.1768,0.9753,0.9356,0.9973,0.9857,0.9799,0.8956,0.9784,0.9239,0.977,0.9541,0.998,0.9814,0.998,0.9813
62,0.0637,0.1583,0.9755,0.9415,0.9974,0.9871,0.9801,0.9106,0.9786,0.9301,0.9772,0.9505,0.9981,0.9834,0.9981,0.9834
63,0.0644,0.1699,0.9753,0.9394,0.9973,0.987,0.98,0.903,0.9785,0.9281,0.9769,0.9546,0.9981,0.9831,0.998,0.9831
64,0.063,0.18,0.976,0.9342,0.9975,0.9856,0.9807,0.8927,0.9791,0.9224,0.9775,0.954,0.9981,0.9813,0.9981,0.9813
65,0.0636,0.1537,0.9758,0.9421,0.9974,0.9871,0.9803,0.9157,0.9789,0.9305,0.9774,0.9458,0.9981,0.9835,0.9981,0.9835
66,0.0634,0.1512,0.9757,0.9443,0.9974,0.9878,0.9804,0.9193,0.9788,0.9331,0.9773,0.9473,0.9981,0.9843,0.9981,0.9843
67,0.0634,0.1817,0.9757,0.9334,0.9974,0.9863,0.9803,0.8865,0.9788,0.922,0.9772,0.9603,0.9981,0.9824,0.9981,0.9824
68,0.0624,0.1548,0.9762,0.9409,0.9975,0.9879,0.9807,0.9048,0.9793,0.9298,0.9778,0.9562,0.9982,0.9848,0.9981,0.9848
69,0.0629,0.1475,0.9759,0.9448,0.9975,0.9874,0.9805,0.9287,0.979,0.9329,0.9775,0.9372,0.9981,0.9837,0.9981,0.9837
70,0.0635,0.154,0.9757,0.9433,0.9974,0.9879,0.9803,0.9148,0.9788,0.9322,0.9773,0.9502,0.9981,0.9844,0.9981,0.9844
71,0.062,0.1507,0.9764,0.9444,0.9975,0.9882,0.9809,0.916,0.9794,0.9334,0.9779,0.9515,0.9982,0.9848,0.9982,0.9848
72,0.0623,0.1414,0.9764,0.9474,0.9975,0.9882,0.981,0.935,0.9794,0.9359,0.9778,0.9369,0.9982,0.9849,0.9981,0.9848
73,0.0639,0.1593,0.9757,0.9401,0.9974,0.9878,0.9803,0.902,0.9788,0.9291,0.9773,0.9579,0.9981,0.9846,0.9981,0.9846
74,0.062,0.1525,0.9763,0.9433,0.9975,0.9871,0.9808,0.9208,0.9793,0.9316,0.9778,0.9427,0.9982,0.9832,0.9982,0.9832
75,0.0619,0.1529,0.9764,0.943,0.9975,0.9869,0.981,0.9193,0.9795,0.9314,0.978,0.9438,0.9982,0.9833,0.9982,0.9833
76,0.0617,0.165,0.9764,0.9405,0.9976,0.9873,0.981,0.9056,0.9794,0.9293,0.9779,0.9542,0.9982,0.9836,0.9982,0.9836
77,0.0618,0.1563,0.9764,0.9419,0.9975,0.9875,0.981,0.9082,0.9795,0.9309,0.978,0.9546,0.9982,0.9842,0.9982,0.9842
78,0.0622,0.1491,0.9763,0.9453,0.9975,0.9884,0.981,0.917,0.9793,0.9345,0.9776,0.9526,0.9982,0.9851,0.9982,0.9851
79,0.0619,0.1555,0.9764,0.9415,0.9975,0.988,0.9809,0.9066,0.9794,0.9305,0.9779,0.9557,0.9982,0.9845,0.9982,0.9844
80,0.0618,0.1489,0.9764,0.9448,0.9975,0.9878,0.981,0.9207,0.9795,0.9335,0.9779,0.9467,0.9982,0.9843,0.9982,0.9843
81,0.0432,0.1274,0.9838,0.9546,0.9988,0.9915,0.987,0.9331,0.9859,0.9454,0.9847,0.958,0.9991,0.9892,0.9991,0.9892
82,0.0408,0.1314,0.9846,0.9533,0.9989,0.9915,0.9875,0.9269,0.9866,0.9441,0.9856,0.962,0.9992,0.9892,0.9992,0.9892
83,0.0409,0.1227,0.9845,0.9576,0.9989,0.9918,0.9875,0.9451,0.9865,0.9484,0.9855,0.9517,0.9992,0.9895,0.9992,0.9894
84,0.0404,0.1267,0.9847,0.9546,0.9989,0.9918,0.9876,0.9302,0.9867,0.9455,0.9857,0.9612,0.9992,0.9896,0.9992,0.9896
85,0.0396,0.1338,0.985,0.9547,0.999,0.9915,0.9879,0.9337,0.9869,0.9454,0.986,0.9574,0.9992,0.9891,0.9992,0.9891
86,0.0394,0.1223,0.9851,0.9574,0.999,0.9919,0.9878,0.9434,0.987,0.9483,0.9862,0.9531,0.9993,0.9897,0.9992,0.9897
87,0.0392,0.1259,0.9851,0.957,0.999,0.992,0.988,0.9386,0.987,0.948,0.986,0.9577,0.9993,0.9899,0.9992,0.9898
88,0.0386,0.1306,0.9854,0.9556,0.999,0.9918,0.9882,0.9332,0.9873,0.9466,0.9864,0.9603,0.9993,0.9896,0.9993,0.9895
89,0.0386,0.1344,0.9854,0.9527,0.999,0.9916,0.9881,0.9237,0.9873,0.9436,0.9865,0.9643,0.9993,0.9892,0.9993,0.9892
90,0.0384,0.1264,0.9854,0.9568,0.999,0.9919,0.9882,0.9386,0.9873,0.9478,0.9864,0.9573,0.9993,0.9897,0.9993,0.9897
91,0.0384,0.1406,0.9855,0.9532,0.999,0.9915,0.9882,0.9263,0.9874,0.9439,0.9865,0.9622,0.9993,0.9889,0.9993,0.9889
92,0.0382,0.1344,0.9855,0.9551,0.999,0.9917,0.9881,0.9312,0.9873,0.946,0.9866,0.9613,0.9993,0.9895,0.9993,0.9895
93,0.0379,0.1177,0.9856,0.9596,0.9991,0.9925,0.9882,0.9459,0.9874,0.951,0.9866,0.9562,0.9993,0.9905,0.9993,0.9905
94,0.0379,0.1404,0.9856,0.9526,0.9991,0.9918,0.9884,0.9226,0.9874,0.9435,0.9865,0.9653,0.9993,0.9895,0.9993,0.9895
95,0.0378,0.126,0.9856,0.9563,0.9991,0.992,0.9883,0.9342,0.9875,0.9474,0.9867,0.9609,0.9993,0.9898,0.9993,0.9898
96,0.0375,0.1235,0.9856,0.9583,0.9991,0.9922,0.9883,0.941,0.9875,0.9496,0.9867,0.9582,0.9993,0.99,0.9993,0.99
97,0.0374,0.1308,0.9858,0.9554,0.9991,0.992,0.9884,0.9296,0.9876,0.9466,0.9868,0.9641,0.9993,0.9898,0.9993,0.9898
98,0.0371,0.1229,0.9859,0.9578,0.9991,0.9925,0.9885,0.9371,0.9878,0.9492,0.987,0.9616,0.9993,0.9904,0.9993,0.9904
99,0.0376,0.1364,0.9856,0.9541,0.9991,0.9919,0.9883,0.9261,0.9874,0.9451,0.9866,0.9648,0.9993,0.9897,0.9993,0.9897
100,0.0374,0.1282,0.9859,0.956,0.9991,0.9921,0.9884,0.9318,0.9877,0.9472,0.987,0.9631,0.9993,0.99,0.9993,0.9899
Epoch,Test Loss,Test Accuracy,Test AUC ROC,Test PR,Test F1,Test Recall,Test Int AP,Test AP
100,0.1177,0.9596,0.9925,0.9459,0.951,0.9562,0.9905,0.9905
